id,posKey,name,shortName,category,subcategory,modifiers,active,sortOrder
"dennys-7614-105827584","DNY 1086659","New! Eternia’s Premium Breakfast Slam","New! Eternia’s Premium B","SLAMS","Masters of the Universe","Scrambled|Scrambled with cheese|Egg Whites|Sunny Side Up|Over Easy|Over Medium|Over Hard|No Eggs|Hash Browns|Hash Browns with Cheese|Seasoned Red Skinned Potatoes|French Fries|Seasoned Fries|Seasonal Fruit|No Side|2 Bacon Strips + 2 Sausage Links|4 Bacon Strips|4 Sausage links|4 Turkey Bacon Strips|No Meat|Signature Diner Blend Coffee|Minute Maid® Orange Juice","True","1"
"dennys-7614-105827634","DNY 1082879","New! He-Man Battle Burger","New! He-Man Battle Burge","BURGERS","Masters of the Universe","Sub Dr. Prager's® Veggie Patty|Add An Extra Beef Patty|No Lettuce|No Onion|No Pickles|No Tomato|Add Avocado|Add Bacon Strips|Add Slice of Aged White Cheddar|Add Slice of American Cheese|Add Slice of Swiss Cheese|French Fries|Seasoned Fries|Hash Browns|Hash Browns with Cheese|Beer Battered Onion Rings|Red-Skinned Potatoes|Fresh Seasonal Fruit|No Side|Coke®|Diet Coke®|Sprite®","True","2"
"dennys-7614-105828000","DNY 1082885","New! Jr. Grayskull’s Epic Cracklecakes","New! Jr. Grayskull’s Epi","KIDS","Masters of the Universe","1 Bacon Strip/ 1 Sausage|Wavy Fries|Grapes|2 Sausage Links|1 Egg|2 Bacon Strips|Hash Browns|Fresh Banana Slices|Jr. Garden Salad|3 Buttermilk Silver Dollar Pancakes|2 Turkey Bacon Strips|Sweet Corn|Broccoli","True","3"
"dennys-7614-101295942","DNY 1014385","Grand Slamwich Combo","Grand Slamwich Combo","SANDWICHES","Combos","Add Avocado|Add Bacon Strips|Add Slice of Aged White Cheddar|Add Slice of American Cheese|Add Slice of Swiss Cheese|Hash Browns|Hash Browns with Cheese|Seasoned Red Skinned Potatoes|French Fries|Seasoned Fries|Seasonal Fruit|No Side|Coca-Cola®|Diet Coke®|Sprite®|Dr Pepper®|Barq's® Root Beer|Hi-C® Fruit Punch|Coca-Cola® Zero Sugar|Signature Diner Blend Coffee|Signature Diner Blend Coffee - Decaf|Minute Maid® Lemonade|Minute Maid® Apple Juice|Minute Maid® Orange Juice","True","4"
"dennys-7614-101297169","DNY 1014386","Moons Over My Hammy Combo","Moons Over My Hammy Comb","SANDWICHES","Combos","Add avocado|2 bacon strips|Hash Browns|Hash Browns with Cheese|Seasoned Red Skinned Potatoes|French Fries|Seasoned Fries|Seasonal Fruit|No Side|Coca-Cola®|Diet Coke®|Sprite®|Dr Pepper®|Barq's® Root Beer|Hi-C® Fruit Punch|Coca-Cola® Zero Sugar|Signature Diner Blend Coffee|Signature Diner Blend Coffee - Decaf|Minute Maid® Lemonade|Minute Maid® Apple Juice|Minute Maid® Orange Juice","True","5"
"dennys-7614-101298396","DNY 1014387","Slamburger Combo","Slamburger Combo","BURGERS","Combos","Sub Dr. Prager's® Veggie Patty|Add An Extra Beef Patty|Sunny Side Up|Scrambled|Scrambled with Cheese|Egg White|Over Easy|Over Medium|Over Hard|No Egg|Add Avocado|Add Bacon Strips|Add Slice of Aged White Cheddar|Add Slice of American Cheese|Add Slice of Swiss Cheese|French Fries|Seasoned Fries|Hash Browns|Hash Browns with Cheese|Beer Battered Onion Rings|Red-Skinned Potatoes|Fresh Seasonal Fruit|No Side|Coca-Cola®|Diet Coke®|Sprite®|Dr Pepper®|Barq's® Root Beer|Hi-C® Fruit Punch|Coca-Cola® Zero Sugar|Signature Diner Blend Coffee|Signature Diner Blend Coffee - Decaf|Minute Maid® Lemonade|Minute Maid® Apple Juice|Minute Maid® Orange Juice","True","6"
"dennys-7614-101299637","DNY 1014388","Double Cheeseburger Combo","Double Cheeseburger Comb","BURGERS","Combos","American 2 Slices|Cheddar 2 Slices|Swiss 2 Slices|No Cheese|No Lettuce|No Onion|No Pickles|No Tomato|Add Avocado|Add Bacon Strips|Add Slice of Aged White Cheddar|Add Slice of American Cheese|Add Slice of Swiss Cheese|French Fries|Seasoned Fries|Hash Browns|Hash Browns with Cheese|Beer Battered Onion Rings|Red-Skinned Potatoes|Fresh Seasonal Fruit|No Side|Coca-Cola®|Diet Coke®|Sprite®|Dr Pepper®|Barq's® Root Beer|Hi-C® Fruit Punch|Coca-Cola® Zero Sugar|Signature Diner Blend Coffee|Signature Diner Blend Coffee - Decaf|Minute Maid® Lemonade|Minute Maid® Apple Juice|Minute Maid® Orange Juice","True","7"
"dennys-7614-101300864","DNY 1014389","Cali Club Combo","Cali Club Combo","SANDWICHES","Combos","Add Bacon Strips|French Fries|Seasoned Fries|Hash Browns|Hash Browns with Cheese|Beer Battered Onion Rings|Red-Skinned Potatoes|Fresh Seasonal Fruit|No Side|Coca-Cola®|Diet Coke®|Sprite®|Dr Pepper®|Barq's® Root Beer|Hi-C® Fruit Punch|Coca-Cola® Zero Sugar|Signature Diner Blend Coffee|Signature Diner Blend Coffee - Decaf|Minute Maid® Lemonade|Minute Maid® Apple Juice|Minute Maid® Orange Juice","True","8"
"dennys-7614-80698328","DNY 754828","Berry Waffle Slam®","Berry Waffle Slam®","SLAMS","Classic Slams","Scrambled|Scrambled with cheese|Egg Whites|Sunny Side Up|Over Easy|Over Medium|Over Hard|No Eggs|2 Bacon Strips + 2 Sausage Links|4 Bacon Strips|4 Sausage links|No Meat|Signature Diner Blend Coffee|Minute Maid® Orange Juice","True","9"
"dennys-7614-80698679","DNY 846934","Waffle Slam®","Waffle Slam®","SLAMS","Classic Slams","Scrambled|Scrambled with cheese|Egg Whites|Sunny Side Up|Over Easy|Over Medium|Over Hard|No Eggs|2 Bacon Strips + 2 Sausage Links|4 Bacon Strips|4 Sausage links|No Meat|Signature Diner Blend Coffee|Minute Maid® Orange Juice","True","10"
"dennys-7614-67293675","DNY 690962","Berry Stuffed French Toast Slam®","Berry Stuffed French Toa","SLAMS","Classic Slams","Scrambled|Scrambled with cheese|Egg Whites|Sunny Side Up|Over Easy|Over Medium|Over Hard|No Eggs|2 Bacon Strips + 2 Sausage Links|4 Bacon Strips|4 Sausage links|No Meat|Signature Diner Blend Coffee|Minute Maid® Orange Juice","True","11"
"dennys-7614-90255307","DNY 933071","Plant-Based Pancake Slam®","Plant-Based Pancake Slam","SLAMS","Classic Slams","Hash Browns|Hash Browns with Cheese|Seasoned Red Skinned Potatoes|French Fries|Seasoned Fries|Fresh Seasonal Fruit|No Potato|Signature Diner Blend Coffee|Minute Maid® Orange Juice","True","12"
"dennys-7614-67293937","DNY 690963","French Toast Slam®","French Toast Slam®","SLAMS","Classic Slams","Vanilla Cream|Fresh Banana|Strawberry Topping|Fresh Strawberries|Scrambled|Scrambled with cheese|Egg Whites|Sunny Side Up|Over Easy|Over Medium|Over Hard|No Eggs|2 Bacon Strips + 2 Sausage Links|4 Bacon Strips|4 Sausage links|No Meat|Signature Diner Blend Coffee|Minute Maid® Orange Juice","True","13"
"dennys-7614-18526996","DNY 233985","Lumberjack Slam®","Lumberjack Slam®","SLAMS","Classic Slams","Scrambled|Scrambled with cheese|Egg Whites|Sunny Side Up|Over Easy|Over Medium|Over Hard|No Eggs|Buttermilk Pancakes|Hearty 9-Grain Pancakes Available 5am-10pm|Cinnamon Roll Pancakes|Choconana Pancakes|Double Berry Banana Pancakes|2 Bacon Strips + 2 Sausage Links|4 Bacon Strips|4 Sausage links|No Meat|Hash Browns|Hash Browns with Cheese|Seasoned Red Skinned Potatoes|French Fries|Seasoned Fries|No Side|White Toast|English Muffin|Signature Diner Blend Coffee|Minute Maid® Orange Juice","True","14"
"dennys-7614-18527765","DNY 233986","All-American Slam®","All-American Slam®","SLAMS","Classic Slams","2 Bacon Strips + 2 Sausage Links|4 Bacon Strips|4 Sausage links|No Meat|Hash Browns|Hash Browns with Cheese|Seasoned Red Skinned Potatoes|French Fries|Seasoned Fries|No Side|White Toast|English Muffin|7-Grain Toast|Buttermilk Pancakes|Hearty 9- Grain Pancakes Available 5am-10pm|Cinnamon Roll Pancakes|Choconana Pancakes|Double Berry Banana Pancakes|Signature Diner Blend Coffee|Minute Maid® Orange Juice","True","15"
"dennys-7614-67293787","DNY 690972","Original Grand Slam®","Original Grand Slam®","SLAMS","Classic Slams","Buttermilk Pancakes|Hearty 9-Grain Pancakes Available 5am-10pm|Cinnamon Roll Pancakes|Choconana Pancakes|Double Berry Banana Pancakes|2 Bacon Strips + 2 Sausage Links|4 Bacon Strips|4 Sausage links|No Meat|Scrambled|Scrambled with cheese|Egg Whites|Sunny Side Up|Over Easy|Over Medium|Over Hard|No Eggs|2 Eggs|2 Pancakes|2 Bacon|2 Sausage|Potatoes|2 Toast|English Muffin|Buttermilk Biscuit|Grilled Ham Slice|Fresh Seasonal Fruit|Signature Diner Blend Coffee|Minute Maid® Orange Juice","True","16"
"dennys-7614-21737566","DNY 233983","Build Your Own Grand Slam®","Build Your Own Grand Sla","SLAMS","Classic Slams","2 Eggs|2 Pancakes|2 Bacon|2 Sausage|Potatoes|2 Toast|English Muffin|Grilled Ham Slice|Fresh Seasonal Fruit|Buttermilk Biscuit|Signature Diner Blend Coffee|Minute Maid® Orange Juice","True","17"
"dennys-7614-59952330","DNY 531809","Super Slam™","Super Slam™","SLAMS","Classic Slams","Buttermilk Pancakes|Hearty 9-Grain Pancakes Available 5am-10pm|Cinnamon Roll Pancakes|Choconana Pancakes|Double Berry Banana Pancakes|Scrambled|Scrambled with cheese|Egg Whites|Sunny Side Up|Over Easy|Over Medium|Over Hard|No Eggs|2 Bacon Strips + 2 Sausage Links|4 Bacon Strips|4 Sausage Links|Hash Browns|Hash Browns with Cheese|Signature Diner Blend Coffee|Minute Maid® Orange Juice","True","18"
"dennys-7614-54268507","DNY 545659","Everyday Value Slam®","Everyday Value Slam®","SLAMS","Classic Slams","Buttermilk Pancakes|Two Thick Slices of Brioche French Toast|Biscuit and Gravy|Hearty 9-Grain Pancakes Available 5am-10pm|Cinnamon Roll Pancakes|Double Berry Banana Pancakes|Scrambled|Scrambled with cheese|Egg Whites|Sunny Side Up|Over Easy|Over Medium|Over Hard|No Eggs|Bacon Strips (2)|Sausage Links (2)|1 Bacon Strip + 1 Sausage Link|Turkey Bacon Strips (2)|Ham|No Meat|Signature Diner Blend Coffee|Minute Maid® Orange Juice","True","19"
"dennys-7614-18533148","DNY 233994","Cinnamon Roll Pancake Slam®","Cinnamon Roll Pancake Sl","PANCAKES","Specialty Pancakes & Crepes","Scrambled|Scrambled with cheese|Egg Whites|Sunny Side Up|Over Easy|Over Medium|Over Hard|No Eggs|Hash Browns|Hash Browns with Cheese|Seasoned Red Skinned Potatoes|French Fries|Seasoned Fries|Fresh Seasonal Fruit|No Potato|Bacon Strips (2)|Sausage Links (2)|1 Bacon Strip + 1 Sausage Link|Turkey Bacon Strips (2)|Ham|No Meat|Add 2 Bacon Strips|Add 2 Turkey Bacon Strips|Add 2 Sausage Links|Signature Diner Blend Coffee|Minute Maid® Orange Juice","True","20"
"dennys-7614-29361549","DNY 297687","Choconana Pancake Slam®","Choconana Pancake Slam®","PANCAKES","Specialty Pancakes & Crepes","Scrambled|Scrambled with cheese|Egg Whites|Sunny Side Up|Over Easy|Over Medium|Over Hard|No Eggs|Hash Browns|Hash Browns with Cheese|Seasoned Red Skinned Potatoes|French Fries|Seasoned Fries|Fresh Seasonal Fruit|No Potato|Bacon Strips (2)|Sausage Links (2)|1 Bacon Strip + 1 Sausage Link|Turkey Bacon Strips (2)|Ham|No Meat|Add 2 Bacon Strips|Add 2 Turkey Bacon Strips|Add 2 Sausage Links|Signature Diner Blend Coffee|Minute Maid® Orange Juice","True","21"
"dennys-7614-29361061","DNY 233997","Double Berry Banana Pancake Slam®","Double Berry Banana Panc","PANCAKES","Specialty Pancakes & Crepes","Scrambled|Scrambled with cheese|Egg Whites|Sunny Side Up|Over Easy|Over Medium|Over Hard|No Eggs|Hash Browns|Hash Browns with Cheese|Seasoned Red Skinned Potatoes|French Fries|Seasoned Fries|Fresh Seasonal Fruit|No Potato|Bacon Strips (2)|Sausage Links (2)|1 Bacon Strip + 1 Sausage Link|Turkey Bacon Strips (2)|Ham|No Meat|Add 2 Bacon Strips|Add 2 Turkey Bacon Strips|Add 2 Sausage Links|Signature Diner Blend Coffee|Minute Maid® Orange Juice","True","22"
"dennys-7614-29354984","DNY 297686","Hearty 9-Grain Pancake Slam®","Hearty 9-Grain Pancake S","PANCAKES","Specialty Pancakes & Crepes","Scrambled|Scrambled with cheese|Egg Whites|Sunny Side Up|Over Easy|Over Medium|Over Hard|No Eggs|Hash Browns|Hash Browns with Cheese|Seasoned Red Skinned Potatoes|French Fries|Seasoned Fries|Fresh Seasonal Fruit|No Potato|Bacon Strips (2)|Sausage Links (2)|1 Bacon Strip + 1 Sausage Link|Turkey Bacon Strips (2)|Ham|No Meat|Add 2 Bacon Strips|Add 2 Turkey Bacon Strips|Add 2 Sausage Links|Signature Diner Blend Coffee|Minute Maid® Orange Juice","True","23"
"dennys-7614-41226620","DNY 441040","Berry Vanilla Crepe Breakfast","Berry Vanilla Crepe Brea","PANCAKES","Specialty Pancakes & Crepes","Strawberry Vanilla 1 Crepe Breakfast (1 Crepe)|Strawberry Vanilla 2 Crepe Breakfast (2 Crepe)|Scrambled|Scrambled with cheese|Egg Whites|Sunny Side Up|Over Easy|Over Medium|Over Hard|No Eggs|Hash Browns|Hash Browns with Cheese|Seasoned Red Skinned Potatoes|French Fries|Seasoned Fries|Seasonal Fruit|No Side|Bacon Strips (2)|Sausage Links (2)|1 Bacon Strip + 1 Sausage Link|Turkey Bacon Strips (2)|Ham|No Meat|Signature Diner Blend Coffee|Minute Maid® Orange Juice","True","24"
"dennys-7614-80695952","DNY 835317","Maple Stuffed Donut Holes","Maple Stuffed Donut Hole","PANCAKES","Specialty Pancakes & Crepes","4 Maple Stuffed Donut Holes|10 Maple Stuffed Donut Holes","True","25"
"dennys-7614-34437476","DNY 355713","Stack of Cinnamon Roll Pancakes","Stack of Cinnamon Roll P","PANCAKES","Specialty Pancakes & Crepes","","True","26"
"dennys-7614-77325497","DNY 829357","Stack of Choconana Pancakes","Stack of Choconana Panca","PANCAKES","Specialty Pancakes & Crepes","","True","27"
"dennys-7614-34438148","DNY 355716","Stack of Double Berry Banana Strawberry Pancakes","Stack of Double Berry Ba","PANCAKES","Specialty Pancakes & Crepes","","True","28"
"dennys-7614-90257939","DNY 935866","Stack of Hearty 9-Grain Pancakes","Stack of Hearty 9-Grain","PANCAKES","Specialty Pancakes & Crepes","Mix Ins | Blueberries|Mix Ins | Chocolate Chips|Toppings | Fresh Banana|Toppings | Strawberry Topping|Toppings | Fresh Strawberries","True","29"
"dennys-7614-18539303","DNY 234009","Country Fried Steak & Eggs","Country Fried Steak & Eg","BREAKFAST","Signature Breakfasts","Scrambled|Scrambled with cheese|Egg Whites|Sunny Side Up|Over Easy|Over Medium|Over Hard|No Eggs|Hash Browns|Hash Browns with Cheese|Seasoned Red Skinned Potatoes|French Fries|Seasoned Fries|No Side|White Toast|English Muffin|7-Grain Toast|Buttermilk Pancakes|Hearty 9- Grain Pancakes Available 5am-10pm|Cinnamon Roll Pancakes|Choconana Pancakes|Double Berry Banana Pancakes|Signature Diner Blend Coffee|Minute Maid® Orange Juice|Stack of Buttermilk Pancakes|2 Slices of French Toast","True","30"
"dennys-7614-38307338","DNY 234011","Santa Fe Skillet","Santa Fe Skillet","SKILLETS","Signature Breakfasts","Scrambled|Scrambled with cheese|Egg Whites|Sunny Side Up|Over Easy|Over Medium|Over Hard|No Eggs|White Toast (2)|Flour Tortillas (2)|Add Avocado|Extra Mushrooms|Extra Fire-Roasted Bell Peppers and Onions|Stack of Buttermilk Pancakes|2 Slices of French Toast","True","31"
"dennys-7614-22894543","DNY 234007","Grand Slamwich®","Grand Slamwich®","BREAKFAST","Signature Breakfasts","Add Avocado|Add Bacon Strips|Add Slice of Aged White Cheddar|Add Slice of American Cheese|Add Slice of Swiss Cheese|Hash Browns|Hash Browns with Cheese|Seasoned Red Skinned Potatoes|French Fries|Seasoned Fries|No Side|Stack of Buttermilk Pancakes|2 Slices of French Toast|Signature Diner Blend Coffee|Minute Maid® Orange Juice","True","32"
"dennys-7614-18537765","DNY 234006","Moons Over My Hammy®","Moons Over My Hammy®","BREAKFAST","Signature Breakfasts","Add avocado|2 bacon strips|Hash Browns|Hash Browns with Cheese|Seasoned Red Skinned Potatoes|French Fries|Seasoned Fries|No Side|Stack of Buttermilk Pancakes|2 Slices of French Toast|Signature Diner Blend Coffee|Minute Maid® Orange Juice","True","33"
"dennys-7614-76049330","DNY 617820","Grand Slam® Burrito","Grand Slam® Burrito","BREAKFAST","Signature Breakfasts","Add Avocado|Side of Queso|Extra Side of Salsa|Side of Sour Cream|Signature Diner Blend Coffee|Minute Maid® Orange Juice","True","34"
"dennys-7614-67294597","DNY 690966","Sirloin Steak & Eggs","Sirloin Steak & Eggs","BREAKFAST","Signature Breakfasts","Rare|Medium Rare|Medium|Medium Well|Well|Add Caramelized Onions|Add Mushrooms|Scrambled|Scrambled with cheese|Egg Whites|Sunny Side Up|Over Easy|Over Medium|Over Hard|Hash Browns|Hash Browns with Cheese|Seasoned Red Skinned Potatoes|French Fries|Seasoned Fries|Seasonal Fruit|No Side|White Toast|English Muffin|7-Grain Toast|Buttermilk Pancakes|Hearty 9- Grain Pancakes Available 5am-10pm|Cinnamon Roll Pancakes|Choconana Pancakes|Double Berry Banana Pancakes|Stack of Buttermilk Pancakes|2 Slices of French Toast|Signature Diner Blend Coffee|Minute Maid® Orange Juice","True","35"
"dennys-7614-18522386","DNY 233979","Ultimate Omelette®","Ultimate Omelette®","OMELETTES","Signature Breakfasts","Ultimate Omelette|Ultimate Omelette Sub Egg Whites|Hash Browns|Hash Browns with Cheese|Seasoned Red Skinned Potatoes|French Fries|Seasoned Fries|No Side|White Toast|English Muffin|7-Grain Toast|Buttermilk Pancakes|Hearty 9- Grain Pancakes Available 5am-10pm|Cinnamon Roll Pancakes|Choconana Pancakes|Double Berry Banana Pancakes|Extra Mushrooms|Extra Fire-Roasted Bell Peppers & Onions|Extra Cheddar Cheese|Jalapenos|Stack of Buttermilk Pancakes|2 Slices of French Toast|Signature Diner Blend Coffee|Minute Maid® Orange Juice","True","36"
"dennys-7614-22894228","DNY 233982","Philly Cheesesteak Omelette","Philly Cheesesteak Omele","OMELETTES","Signature Breakfasts","Philly Cheesesteak Omelette|Philly Cheesesteak Omelette Sub Egg Whites|Hash Browns|Hash Browns with Cheese|Seasoned Red Skinned Potatoes|French Fries|Seasoned Fries|No Side|White Toast|English Muffin|7-Grain Toast|Buttermilk Pancakes|Hearty 9- Grain Pancakes Available 5am-10pm|Cinnamon Roll Pancakes|Choconana Pancakes|Double Berry Banana Pancakes|Add Avocado|Add Mushrooms|Extra Fire-Roasted Bell Peppers & Onions|Extra Swiss Cheese|Jalapenos|Signature Diner Blend Coffee|Minute Maid® Orange Juice|Stack of Buttermilk Pancakes|2 Slices of French Toast","True","37"
"dennys-7614-38305486","DNY 297688","Loaded Veggie Omelette","Loaded Veggie Omelette","OMELETTES","Signature Breakfasts","Loaded Veggie Omelette|Loaded Veggie Omelette Sub Egg Whites|Hash Browns|Hash Browns with Cheese|Seasoned Red Skinned Potatoes|French Fries|Seasoned Fries|Seasonal Fruit|No Side|White Toast|English Muffin|7-Grain Toast|Buttermilk Pancakes|Hearty 9- Grain Pancakes Available 5am-10pm|Cinnamon Roll Pancakes|Choconana Pancakes|Double Berry Banana Pancakes|Add Avocado|Add Mushrooms|Extra Fire-Roasted Bell Peppers & Onions|Extra Swiss Cheese|Jalapenos|Stack of Buttermilk Pancakes|2 Slices of French Toast|Signature Diner Blend Coffee|Minute Maid® Orange Juice","True","38"
"dennys-7614-37862529","DNY 387692","Mile High Denver Omelette","Mile High Denver Omelett","OMELETTES","Signature Breakfasts","Denver Omelette|Denver Omelette Sub Egg Whites|Hash Browns|Hash Browns with Cheese|Seasoned Red Skinned Potatoes|French Fries|Seasoned Fries|Seasonal Fruit|No Side|White Toast|English Muffin|7-Grain Toast|Buttermilk Pancakes|Hearty 9- Grain Pancakes Available 5am-10pm|Cinnamon Roll Pancakes|Choconana Pancakes|Double Berry Banana Pancakes|Add Avocado|Mushrooms|Extra Fire-Roasted Bell Peppers & Onions|Extra Cheddar Cheese|Jalapenos|Stack of Buttermilk Pancakes|2 Slices of French Toast|Signature Diner Blend Coffee|Minute Maid® Orange Juice","True","39"
"dennys-7614-67294473","DNY 311268","Moons Over My Hammy® Omelette","Moons Over My Hammy® Ome","OMELETTES","Signature Breakfasts","Ham & Cheese Omelette|Ham & Cheese Omelette Sub Egg Whites|Hash Browns|Hash Browns with Cheese|Seasoned Red Skinned Potatoes|French Fries|Seasoned Fries|Seasonal Fruit|No Side|White Toast|English Muffin|7-Grain Toast|Buttermilk Pancakes|Hearty 9- Grain Pancakes Available 5am-10pm|Cinnamon Roll Pancakes|Choconana Pancakes|Double Berry Banana Pancakes|Add Avocado|Add Mushrooms|Extra Fire-Roasted Bell Peppers & Onions|Extra Cheddar Cheese|Extra Swiss Cheese|Jalapenos|Stack of Buttermilk Pancakes|2 Slices of French Toast|Signature Diner Blend Coffee|Minute Maid® Orange Juice","True","40"
"dennys-7614-38303610","DNY 233977","Build Your Own Omelette","Build Your Own Omelette","OMELETTES","Signature Breakfasts","Build Your Own Omelette|Build Your Own Omelette Sub Egg Whites|American Cheese|Cheddar Cheese|Swiss Cheese|Bacon|Diced Ham|Caramelized Onions|Diced Tomatoes|Fire-Roasted Bell Peppers & Onions|Sauteed Mushrooms|Spinach|Crumbled Sausage|Add avocado|Hash Browns|Hash Browns with Cheese|Seasoned Red Skinned Potatoes|French Fries|Seasoned Fries|Seasonal Fruit|No Side|White Toast|English Muffin|7-Grain Toast|Buttermilk Pancakes|Hearty 9- Grain Pancakes Available 5am-10pm|Cinnamon Roll Pancakes|Choconana Pancakes|Double Berry Banana Pancakes|Stack of Buttermilk Pancakes|2 Slices of French Toast|Signature Diner Blend Coffee|Minute Maid® Orange Juice","True","41"
"dennys-7614-80700935","DNY 835314","Berry Waffles","Berry Waffles","SIDES","Breakfast Sides","","True","42"
"dennys-7614-67294099","DNY 690964","Berry Stuffed French Toast®","Berry Stuffed French Toa","SIDES","Breakfast Sides","","True","43"
"dennys-7614-80701135","DNY 835316","Waffle","Waffle","SIDES","Breakfast Sides","","True","44"
"dennys-7614-77338253","DNY 829354","Stack of Pancakes","Stack of Pancakes","SIDES","Breakfast Sides","Mix Ins | Blueberries|Mix Ins | Chocolate Chips|Toppings | Fresh Banana|Toppings | Strawberry Topping|Toppings | Fresh Strawberries","True","45"
"dennys-7614-77338443","DNY 829353","French Toast","French Toast","SIDES","Breakfast Sides","Vanilla Cream|Fresh Banana|Strawberry Topping|Fresh Strawberries","True","46"
"dennys-7614-72758999","DNY 773425","Strawberry Vanilla Crepes","Strawberry Vanilla Crepe","SIDES","Breakfast Sides","","True","47"
"dennys-7614-10251457","DNY 157540","Hash Browns","Hash Browns","SIDES","Breakfast Sides","Hash Browns|Cheddar Cheese Hash Browns","True","48"
"dennys-7614-12682081","DNY 157537","Sausage","Sausage","SIDES","Breakfast Sides","Sausage Links (4)","True","49"
"dennys-7614-22215125","DNY 149349","Bacon","Bacon","SIDES","Breakfast Sides","Bacon Strips (4)","True","50"
"dennys-7614-10252819","DNY 149366","Grilled Ham Slice","Grilled Ham Slice","SIDES","Breakfast Sides","","True","51"
"dennys-7614-10253273","DNY 149368","Egg","Egg","SIDES","Breakfast Sides","Scrambled|Scrambled with cheese|Egg White|Sunny Side Up|Over Easy|Over Medium|Over Hard","True","52"
"dennys-7614-55884719","DNY 472662","Biscuit and Gravy","Biscuit and Gravy","SIDES","Breakfast Sides","","True","53"
"dennys-7614-10253727","DNY 149333","Slices of Toast","Slices of Toast","SIDES","Breakfast Sides","White Toast|7-Grain Toast|Garlic Bread","True","54"
"dennys-7614-38349481","DNY 149335","Buttermilk Biscuits","Buttermilk Biscuits","SIDES","Breakfast Sides","","True","55"
"dennys-7614-10256905","DNY 149334","English Muffin","English Muffin","SIDES","Breakfast Sides","","True","56"
"dennys-7614-21562406","DNY 213405","Seasoned Red-Skinned Potatoes","Seasoned Red-Skinned Pot","SIDES","Breakfast Sides","","True","57"
"dennys-7614-10254181","DNY 149338","Fresh Seasonal Fruit","Fresh Seasonal Fruit","SIDES","Breakfast Sides","","True","58"
"dennys-7614-62913206","DNY 638540","Sausage Gravy","Sausage Gravy","SIDES","Breakfast Sides","","True","59"
"dennys-7614-105832426","DNY 1082948","New! Mozzillas","New! Mozzillas","APPT","Starters","Marinara Sauce|Ranch|Bleu Cheese|BBQ Sauce|Buffalo Sauce|Honey Mustard|Bourbon Sauce|No Sauce","True","60"
"dennys-7614-105833108","DNY 1083345","Boneless Wings","Boneless Wings","APPT","Starters","8ct Wings|16ct Wings|32ct Wings","True","61"
"dennys-7614-18546224","DNY 234018","Premium Chicken Tenders","Chicken Tenders","APPT","Starters","Bleu Cheese|Ranch|BBQ Sauce|Buffalo Sauce|Honey Mustard|Bourbon Sauce|No Sauce","True","62"
"dennys-7614-98432232","DNY 1023840","House Salad","House Salad","SOUP/SAL","Salads","Add Grilled Chicken|Add Crispy Fried Chicken|Add Grilled Wild-caught Alaska Salmon|Ranch|Light Italian|Balsamic|Blue Cheese|Honey Mustard|No Dressing|Coke®|Diet Coke®|Sprite®","True","63"
"dennys-7614-98432575","DNY 1023841","Cobb Salad","Cobb Salad","SOUP/SAL","Salads","Add Grilled Chicken|Add Crispy Fried Chicken|Add Grilled Wild-caught Alaska Salmon|Ranch|Light Italian|Balsamic|Blue Cheese|Honey Mustard|No Dressing|Coke®|Diet Coke®|Sprite®","True","64"
"dennys-7614-105833840","DNY 1099015","New! He-Man Battle Burger","New! He-Man Battle Burge","BURGERS","Burgers","Sub Dr. Prager's® Veggie Patty|Add An Extra Beef Patty|No Lettuce|No Onion|No Pickles|No Tomato|Add Avocado|Add Bacon Strips|Add Slice of Aged White Cheddar|Add Slice of American Cheese|Add Slice of Swiss Cheese|French Fries|Seasoned Fries|Hash Browns|Hash Browns with Cheese|Beer Battered Onion Rings|Red-Skinned Potatoes|Fresh Seasonal Fruit|No Side|Coke®|Diet Coke®|Sprite®","True","65"
"dennys-7614-29363795","DNY 234072","Slamburger™","Slamburger™","BURGERS","Burgers","Sub Dr. Prager's® Veggie Patty|Add An Extra Beef Patty|Sunny Side Up|Scrambled|Scrambled with Cheese|Egg White|Over Easy|Over Medium|Over Hard|No Egg|Add Avocado|Add Bacon Strips|Add Slice of Aged White Cheddar|Add Slice of American Cheese|Add Slice of Swiss Cheese|French Fries|Seasoned Fries|Hash Browns|Hash Browns with Cheese|Beer Battered Onion Rings|Red-Skinned Potatoes|Fresh Seasonal Fruit|No Side|Coke®|Diet Coke®|Sprite®","True","66"
"dennys-7614-29364008","DNY 234070","Bacon Avocado Cheeseburger","Bacon Avocado Cheeseburg","BURGERS","Burgers","Sub Dr. Prager's® Veggie Patty|Add An Extra Beef Patty|No Lettuce|No Onion|No Pickles|No Tomato|Add Avocado|Add Bacon Strips|Add Slice of Aged White Cheddar|Add Slice of American Cheese|Add Slice of Swiss Cheese|French Fries|Seasoned Fries|Hash Browns|Hash Browns with Cheese|Beer Battered Onion Rings|Red-Skinned Potatoes|Fresh Seasonal Fruit|No Side|Coke®|Diet Coke®|Sprite®","True","67"
"dennys-7614-18555452","DNY 234071","Bourbon Bacon Burger","Bourbon Bacon Burger","BURGERS","Burgers","Sub Dr. Prager's® Veggie Patty|Add An Extra Beef Patty|No Lettuce|No Onion|No Pickles|No Tomato|Add Avocado|Add Bacon Strips|Add Slice of Aged White Cheddar|Add Slice of American Cheese|Add Slice of Swiss Cheese|French Fries|Seasoned Fries|Beer Battered Onion Rings|Fresh Seasonal Fruit|No Side|Coke®|Diet Coke®|Sprite®","True","68"
"dennys-7614-18553914","DNY 234069","Double Cheeseburger","Double Cheeseburger","BURGERS","Burgers","American 2 Slices|Cheddar 2 Slices|Swiss 2 Slices|No Cheese|No Lettuce|No Onion|No Pickles|No Tomato|Add Avocado|Add Bacon Strips|Add Slice of Aged White Cheddar|Add Slice of American Cheese|Add Slice of Swiss Cheese|French Fries|Seasoned Fries|Beer Battered Onion Rings|Fresh Seasonal Fruit|No Side|Coke®|Diet Coke®|Sprite®","True","69"
"dennys-7614-67294859","DNY 690968","Single Cheeseburger","Single Cheeseburger","BURGERS","Burgers","Sub Grilled Seasoned Chicken Breast|Sub Fried Chicken Breast|Sub Dr. Prager's® Veggie Patty|No Cheese|Aged White Cheddar|Swiss|American|Extra Aged White Cheddar|Extra Swiss|Extra American|No Lettuce|No Onion|No Pickles|No Tomato|Add Avocado|Add Bacon Strips|French Fries|Seasoned Fries|Hash Browns|Hash Browns with Cheese|Beer Battered Onion Rings|Red-Skinned Potatoes|Fresh Seasonal Fruit|No Side|Coke®|Diet Coke®|Sprite®","True","70"
"dennys-7614-72750706","DNY 754823","BBQ Bacon Chicken Sandwich","BBQ Bacon Chicken Sandwi","SANDWICHES","Melts & Handhelds ","Add Avocado|Add Bacon Strips|Add Slice of Aged White Cheddar|Add Slice of American Cheese|Add Slice of Swiss Cheese|French Fries|Seasoned Fries|Hash Browns|Hash Browns with Cheese|Beer Battered Onion Rings|Red-Skinned Potatoes|Fresh Seasonal Fruit|No Side|Coke®|Diet Coke®|Sprite®","True","71"
"dennys-7614-38324230","DNY 351859","Pot Roast Melt","Pot Roast Melt","SANDWICHES","Melts & Handhelds ","French Fries|Seasoned Fries|Hash Browns|Hash Browns with Cheese|Beer Battered Onion Rings|Red-Skinned Potatoes|Fresh Seasonal Fruit|No Side|Coke®|Diet Coke®|Sprite®","True","72"
"dennys-7614-29363095","DNY 234080","Cali Club Sandwich","Cali Club Sandwich","SANDWICHES","Melts & Handhelds ","Add Bacon Strips|French Fries|Seasoned Fries|Hash Browns|Hash Browns with Cheese|Beer Battered Onion Rings|Red-Skinned Potatoes|Fresh Seasonal Fruit|No Side|Coke®|Diet Coke®|Sprite®","True","73"
"dennys-7614-34416246","DNY 356254","Super Bird®","Super Bird®","SANDWICHES","Melts & Handhelds ","Add Avocado|Add Bacon Strips|Add Slice of Aged White Cheddar|Add Slice of American Cheese|Add Slice of Swiss Cheese|French Fries|Seasoned Fries|Hash Browns|Hash Browns with Cheese|Beer Battered Onion Rings|Red-Skinned Potatoes|Fresh Seasonal Fruit|No Side|Coke®|Diet Coke®|Sprite®","True","74"
"dennys-7614-10255543","DNY 149347","Seasoned Fries","Seasoned Fries","SIDES","Sides","","True","75"
"dennys-7614-10255089","DNY 149342","Wavy Cut French Fries","Wavy Cut French Fries","SIDES","Sides","","True","76"
"dennys-7614-12958317","DNY 197251","Beer-Battered Onion Rings","Beer-Battered Onion Ring","SIDES","Sides","","True","77"
"dennys-7614-10258267","DNY 149370","Garden Side Salad","Garden Side Salad","SIDES","Sides","Ranch|Light Italian|Balsamic|Blue Cheese|Honey Mustard|No Dressing","True","78"
"dennys-7614-59952185","DNY 505537","Oven-Baked Mac 'N Cheese","Oven-Baked Mac 'N Cheese","SIDES","Sides","","True","79"
"dennys-7614-69420650","DNY 737550","Broccoli","Broccoli","SIDES","Sides","","True","80"
"dennys-7614-21563264","DNY 176123","Red Rustic Mashed Potatoes™","Red Rustic Mashed Potato","SIDES","Sides","","True","81"
"dennys-7614-27436046","DNY 298825","Whole Grain Rice","Whole Grain Rice","SIDES","Sides","","True","82"
"dennys-7614-10258721","DNY 159050","Sauces and Dressings","Sauces and Dressings","SIDES","Sides","Ranch Dressing|Sweet & Tangy BBQ Sauce|Bourbon Sauce|Sour Cream|Buffalo Sauce|Tomato Sauce|Salsa|Blue Cheese Dressing|Honey Mustard Dressing","True","83"
"dennys-7614-34422717","DNY 360962","Country-Fried Steak Dinner","Country-Fried Steak Dinn","DINNERS","Dinners & Skillets","Red Rustic Mashed Potatoes™|Beer Battered Onion Rings|French Fries|Seasoned Fries|Hash Browns|Whole Grain Rice|Red-Skinned Potatoes|Sweet Corn|Fresh Seasonal Fruit|Broccoli|Oven-Baked Mac 'N Cheese|Cup of Soup|Coke®|Diet Coke®|Sprite®","True","84"
"dennys-7614-34422281","DNY 360956","Sirloin Steak","Sirloin Steak","DINNERS","Dinners & Skillets","Rare|Medium Rare|Medium|Medium Well|Well|Add Caramelized Onions|Add Mushrooms|Red Rustic Mashed Potatoes™|Beer Battered Onion Rings|French Fries|Seasoned Fries|Hash Browns|Whole Grain Rice|Red-Skinned Potatoes|Sweet Corn|Fresh Seasonal Fruit|Broccoli|Oven-Baked Mac 'N Cheese|Cup of Soup|Coke®|Diet Coke®|Sprite®","True","85"
"dennys-7614-34422934","DNY 360968","Premium Chicken Tenders Dinner","Chicken Tenders Dinner","DINNERS","Dinners & Skillets","BBQ Sauce|Buffalo|Honey Mustard|Ranch|Bourbon Sauce|Blue Cheese|No Sauce|Red Rustic Mashed Potatoes™|Beer Battered Onion Rings|French Fries|Seasoned Fries|Hash Browns|Whole Grain Rice|Red-Skinned Potatoes|Sweet Corn|Fresh Seasonal Fruit|Broccoli|Oven-Baked Mac 'N Cheese|Cup of Soup|Coke®|Diet Coke®|Sprite®","True","86"
"dennys-7614-38325238","DNY 365949","Wild Alaska Salmon","Wild Alaska Salmon","DINNERS","Dinners & Skillets","Red Rustic Mashed Potatoes™|Beer Battered Onion Rings|French Fries|Seasoned Fries|Hash Browns|Whole Grain Rice|Red-Skinned Potatoes|Sweet Corn|Fresh Seasonal Fruit|Broccoli|Oven-Baked Mac 'N Cheese|Cup of Soup|Coke®|Diet Coke®|Sprite®","True","87"
"dennys-7614-59951800","DNY 507289","Smokehouse Mac & Cheese Skillet","Smokehouse Mac & Cheese","SKILLETS","Dinners & Skillets","White Toast (2)|Flour Tortillas (2)|Coke®|Diet Coke®|Sprite®","True","88"
"dennys-7614-105834788","DNY 1086668","New! Eternia’s Everyday Value Slam","New! Eternia’s Everyday","BREAKFAST","Denny's Deals","Scrambled|Scrambled with cheese|Egg Whites|Sunny Side Up|Over Easy|Over Medium|Over Hard|No Eggs|Bacon Strips (2)|Sausage Links (2)|1 Bacon Strip + 1 Sausage Link|Turkey Bacon Strips (2)|Ham|No Meat|Signature Diner Blend Coffee|Minute Maid® Orange Juice","True","89"
"dennys-7614-105834838","DNY 993776","BLT&E Slamwich®","BLT&E Slamwich®","BREAKFAST","Denny's Deals","Sunny Side Up|Scrambled|Scrambled with Cheese|Egg White|Over Easy|Over Medium|Over Hard|No Egg|French Fries|Seasoned Fries|Hash Browns|Hash Browns with Cheese|Beer Battered Onion Rings|Red-Skinned Potatoes|Fresh Seasonal Fruit|No Side|Coke®|Diet Coke®|Sprite®","True","90"
"dennys-7614-95541675","DNY 993774","2-Egg Breakfast Slam®","2-Egg Breakfast Slam®","BREAKFAST","Denny's Deals","Scrambled|Scrambled with cheese|Egg Whites|Sunny Side Up|Over Easy|Over Medium|Over Hard|No Eggs|White Toast|7-Grain Toast|Signature Diner Blend Coffee|Minute Maid® Orange Juice","True","91"
"dennys-7614-95543013","DNY 993787","Grand Slam® Burrito","Grand Slam® Burrito","BREAKFAST","Denny's Deals","Add Avocado|Side of Queso|Extra Side of Salsa|Side of Sour Cream|Signature Diner Blend Coffee|Minute Maid® Orange Juice","True","92"
"dennys-7614-100980644","DNY 1052986","NEW! Two Meat Breakfast Scrambler","NEW! Two Meat Breakfast","BREAKFAST","Denny's Deals","Hash Browns|Hash Browns with Cheese|White Toast|English Muffin|7-Grain Toast|Signature Diner Blend Coffee|Minute Maid® Orange Juice","True","93"
"dennys-7614-77327303","DNY 758185","Everyday Value Slam®","Everyday Value Slam®","BREAKFAST","Denny's Deals","Buttermilk Pancakes|Two Thick Slices of Brioche French Toast|Biscuit and Gravy|Hearty 9-Grain Pancakes Available 5am-10pm|Cinnamon Roll Pancakes|Double Berry Banana Pancakes|Scrambled|Scrambled with cheese|Egg Whites|Sunny Side Up|Over Easy|Over Medium|Over Hard|No Eggs|Bacon Strips (2)|Sausage Links (2)|1 Bacon Strip + 1 Sausage Link|Turkey Bacon Strips (2)|Ham|No Meat|Signature Diner Blend Coffee|Minute Maid® Orange Juice","True","94"
"dennys-7614-77327859","DNY 818037","Super Slam™","Super Slam™","BREAKFAST","Denny's Deals","Buttermilk Pancakes|Hearty 9-Grain Pancakes Available 5am-10pm|Cinnamon Roll Pancakes|Choconana Pancakes|Double Berry Banana Pancakes|Scrambled|Scrambled with cheese|Egg Whites|Sunny Side Up|Over Easy|Over Medium|Over Hard|No Eggs|2 Bacon Strips + 2 Sausage Links|4 Bacon Strips|4 Sausage Links|Hash Browns|Hash Browns with Cheese|Signature Diner Blend Coffee|Minute Maid® Orange Juice","True","95"
"dennys-7614-77329039","DNY 818044","Chicken Tenders & Fries","Chicken Tenders & Fries","DINNERS","Denny's Deals","Bleu Cheese|Ranch|BBQ Sauce|Buffalo Sauce|Honey Mustard|Bourbon Sauce|No Sauce","True","96"
"dennys-7614-77328139","DNY 758188","Classic Burger with Fries","Classic Burger with Frie","DINNERS","Denny's Deals","No Lettuce|No Onion|No Pickles|No Tomato|Add Avocado|Add Bacon Strips|Add Slice of Aged White Cheddar|Add Slice of American Cheese|Add Slice of Swiss Cheese|Hash Browns|French Fries|Seasoned Fries|Fresh Seasonal Fruit|Onion Rings|Coke®|Diet Coke®|Sprite®","True","97"
"dennys-7614-100978198","DNY 1049288","One-Piece Country Fried Steak","One-Piece Country Fried","DINNERS","Denny's Deals","French Fries|Red Rustic Mashed Potatoes|Whole Grain Rice|Seasoned Fries|Red-Skinned Potatoes|Fresh Seasonal Fruit|Beer Battered Onion Rings|Sweet Corn|Broccoli|Coke®|Diet Coke®|Sprite®","True","98"
"dennys-7614-22346757","DNY 262561","Grand Slam® Pack","Grand Slam® Pack","ENTREE","Family Pack","Scrambled Eggs|Scrambled Eggs With Cheese|Hash Browns|Cheddar Cheese Hash Browns|8 Slices White Toast|8 Sausage|8 Bacon|4 Bacon/4 Sausage|4 Minute Maid Orange Juice|2 Signature Diner Blend Coffees & 2 Minute Maid Orange Juice","True","99"
"dennys-7614-105835570","DNY 1099319","New! Jr. Grayskull’s Epic Cracklecakes","New! Jr. Grayskull’s Epi","KIDS","Kids","1 Bacon Strip/ 1 Sausage|Wavy Fries|Grapes|2 Sausage Links|1 Egg|2 Bacon Strips|Hash Browns|Fresh Banana Slices|Jr. Garden Salad|3 Buttermilk Silver Dollar Pancakes|2 Turkey Bacon Strips|Sweet Corn|Broccoli","True","100"
"dennys-7614-90261887","DNY 933080","Jr. Grand Slam®","Jr. Grand Slam®","KIDS","Kids","Egg|3 Silver Dollar Pancakes|1 Bacon Strip & 1 Sausage|2 Bacon|2 Sausage|Hashbrowns|Toast|Grapes|Banana Slices|Sausages|Jr Hashbrowns","True","101"
"dennys-7614-90263203","DNY 933073","Jr. Waffle Slam®","Jr. Waffle Slam®","KIDS","Kids","1 Bacon Strip/ 1 Sausage|Wavy Fries|Grapes|2 Sausage Links|1 Egg|2 Bacon Strips|Hash Browns|Fresh Banana Slices|Jr. Garden Salad|3 Buttermilk Silver Dollar Pancakes|2 Turkey Bacon Strips|Sweet Corn|Broccoli|Mix Ins | Blueberries|Mix Ins | Chocolate Chips|Toppings | Vanilla Cream|Toppings | Fresh Banana|Toppings | Strawberry Topping|Toppings | Fresh Strawberries","True","102"
"dennys-7614-41202508","DNY 228605","Jr. Chocolate Chip Pancakes","Jr. Chocolate Chip Panca","KIDS","Kids","1 Bacon Strip/ 1 Sausage|Wavy Fries|Grapes|2 Sausage Links|1 Egg|2 Bacon Strips|Hash Browns|Fresh Banana Slices|Jr. Garden Salad|3 Buttermilk Silver Dollar Pancakes|2 Turkey Bacon Strips|Sweet Corn|Broccoli","True","103"
"dennys-7614-59952910","DNY 614031","Kid's Birthday Pancakes","Kid's Birthday Pancakes","KIDS","Kids","1 Bacon Strip/ 1 Sausage|Wavy Fries|Grapes|2 Sausage Links|1 Egg|2 Bacon Strips|Hash Browns|Fresh Banana Slices|Jr. Garden Salad|3 Buttermilk Silver Dollar Pancakes|2 Turkey Bacon Strips|Sweet Corn|Broccoli","True","104"
"dennys-7614-41208328","DNY 176667","Jr. Cheeseburger","Jr. Cheeseburger","KIDS","Kids","No Cheese|1 Bacon Strip/ 1 Sausage|Wavy Fries|Grapes|2 Sausage Links|1 Egg|2 Bacon Strips|Hash Browns|Fresh Banana Slices|Jr. Garden Salad|3 Buttermilk Silver Dollar Pancakes|2 Turkey Bacon Strips|Sweet Corn|Broccoli","True","105"
"dennys-7614-41209298","DNY 176669","Mac & Cheese","Mac & Cheese","KIDS","Kids","1 Bacon Strip/ 1 Sausage|Wavy Fries|Grapes|2 Sausage Links|1 Egg|2 Bacon Strips|Hash Browns|Fresh Banana Slices|Jr. Garden Salad|3 Buttermilk Silver Dollar Pancakes|2 Turkey Bacon Strips|Sweet Corn|Broccoli","True","106"
"dennys-7614-98433617","DNY 1012176","Jr. Spaghetti","Jr. Spaghetti","KIDS","Kids","1 Bacon Strip/ 1 Sausage|Wavy Fries|Grapes|2 Sausage Links|1 Egg|2 Bacon Strips|Hash Browns|Fresh Banana Slices|Jr. Garden Salad|3 Buttermilk Silver Dollar Pancakes|2 Turkey Bacon Strips|Sweet Corn|Broccoli","True","107"
"dennys-7614-41206388","DNY 193855","Jr. Premium Chicken Tenders","Jr. Chicken Tenders","KIDS","Kids","BBQ Sauce|Honey Mustard|Ranch|No Sauce|Add A Chicken Tender|1 Bacon Strip/ 1 Sausage|Wavy Fries|Grapes|2 Sausage Links|1 Egg|2 Bacon Strips|Hash Browns|Fresh Banana Slices|Jr. Garden Salad|3 Buttermilk Silver Dollar Pancakes|2 Turkey Bacon Strips|Sweet Corn|Broccoli","True","108"
"dennys-7614-41214379","DNY 176674","Kids Beverage","Kids Beverage","KIDS","Kids","Milk|Minute Maid® Juice|Soft Drinks|Jr Iced Tea|Hot Chocolate","True","109"
"dennys-7614-38338129","DNY 149462","55+ Scrambled Eggs & Cheddar Breakfast","55+ Scrambled Eggs & Che","BREAKFAST","55+","2 Bacon Strips + 2 Sausage Links|4 Bacon Strips|4 Sausage links|No Meat|Buttermilk Pancakes|Hearty 9-Grain Pancakes Available 5am-10pm|Cinnamon Roll Pancakes|Choconana Pancakes|Double Berry Banana Pancakes|Signature Diner Blend Coffee|Minute Maid® Orange Juice","True","110"
"dennys-7614-38340018","DNY 149468","55+ Omelette","55+ Omelette","OMELETTES","55+","Seasoned Red-Skinned Potatoes|Hash Browns|Hash Browns with Cheese|Seasonal Fruit|Buttermilk Biscuit (1)|English Muffin (1)|White Toast (2)","True","111"
"dennys-7614-38339071","DNY 149465","55+ Starter™","55+ Starter™","BREAKFAST","55+","Bacon Strip (1)|Sausage Link (1)|Turkey Bacon Strip (1)|Scrambled|Scrambled with Cheese|Egg White|Sunny Side Up|Over Easy|Over Med|Over Hard|Seasoned Red-Skinned Potatoes|Hash Browns|Seasonal Fruit|Buttermilk Biscuit (1)|English Muffin (1)|White Toast (2)","True","112"
"dennys-7614-38341902","DNY 361002","55+ Wild Alaska Salmon","55+ Wild Alaska Salmon","DINNERS","55+","French Fries|Red Rustic Mashed Potatoes|Fresh Seasonal Fruit|Seasoned Red-Skinned Potatoes|Seasoned Fries|Hashbrowns|Whole Grain Rice|Sweet Corn|Cup of Soup|Salad|Broccoli","True","113"
"dennys-7614-38342844","DNY 361003","55+ Country-Fried Steak","55+ Country-Fried Steak","DINNERS","55+","French Fries|Red Rustic Mashed Potatoes|Fresh Seasonal Fruit|Seasoned Red-Skinned Potatoes|Seasoned Fries|Hashbrowns|Whole Grain Rice|Sweet Corn|Cup of Soup|Salad|Broccoli","True","114"
"dennys-7614-90264519","DNY 933072","Cookie Dough Lover's Pie","Cookie Dough Lover's Pie","DESSERT","Desserts","","True","115"
"dennys-7614-77336296","DNY 829362","New York Style Cheesecake","New York Style Cheesecak","DESSERT","Desserts","Strawberry Topping","True","116"
"dennys-7614-26446970","DNY 300383","Cheesecake Pack","Cheesecake Pack","DESSERT","Desserts","","True","117"
"dennys-7614-72750863","DNY 771283","Brownie Sundae with Oreo® Pieces","Brownie Sundae with Oreo","DESSERT","Desserts","","True","118"
"dennys-7614-41146379","DNY 440030","Soft Drinks","Soft Drinks","BEV","Beverages","Coca-Cola®|Diet Coke®|Sprite®|Dr Pepper®|Barq's® Root Beer|FUZE® Raspberry Tea|Coca-Cola® Zero Sugar","True","119"
"dennys-7614-41146379-coca-cola","DNYOPT 4223615","Coca-Cola®","Coca-Cola®","BEV","Soft Drinks","No Ice|Light Ice|Extra Ice|Lemon|No Lemon","True","120"
"dennys-7614-41146379-diet-coke","DNYOPT 4223616","Diet Coke®","Diet Coke®","BEV","Soft Drinks","No Ice|Light Ice|Extra Ice|Lemon|No Lemon","True","121"
"dennys-7614-41146379-sprite","DNYOPT 4223617","Sprite®","Sprite®","BEV","Soft Drinks","No Ice|Light Ice|Extra Ice|Lemon|No Lemon","True","122"
"dennys-7614-41146379-dr-pepper","DNYOPT 4223618","Dr Pepper®","Dr Pepper®","BEV","Soft Drinks","No Ice|Light Ice|Extra Ice|Lemon|No Lemon","True","123"
"dennys-7614-41146379-barqs-root-beer","DNYOPT 4223620","Barq's® Root Beer","Barq's® Root Beer","BEV","Soft Drinks","No Ice|Light Ice|Extra Ice|Lemon|No Lemon","True","124"
"dennys-7614-41146379-fuze-raspberry-tea","DNYOPT 4223622","FUZE® Raspberry Tea","FUZE® Raspberry Tea","BEV","Soft Drinks","No Ice|Light Ice|Extra Ice|Lemon|No Lemon","True","125"
"dennys-7614-41146379-coca-cola-zero-sugar","DNYOPT 5501750","Coca-Cola® Zero Sugar","Coca-Cola® Zero Sugar","BEV","Soft Drinks","No Ice|Light Ice|Extra Ice|Lemon|No Lemon","True","126"
"dennys-7614-41147319","DNY 440031","Signature Diner Blend Coffee","Coffee","BEV","Beverages","Signature Diner Blend Coffee|Signature Diner Blend Coffee - Decaf","True","127"
"dennys-7614-41147319-signature-diner-blend-coffee","DNYOPT 4223565","Signature Diner Blend Coffee","Coffee","BEV","Signature Diner Blend Coffee Choice ","No Ice|Light Ice|Extra Ice|Lemon|No Lemon","True","128"
"dennys-7614-41147319-signature-diner-blend-coffee-decaf","DNYOPT 4223566","Signature Diner Blend Coffee - Decaf","Coffee - Decaf","BEV","Signature Diner Blend Coffee Choice ","No Ice|Light Ice|Extra Ice|Lemon|No Lemon","True","129"
"dennys-7614-42397483","DNY 440037","Minute Maid® Juice","MM Juice","BEV","Beverages","Minute Maid® Apple Juice|Minute Maid® Orange Juice","True","130"
"dennys-7614-42397483-minute-maid-apple-juice","DNYOPT 4223555","Minute Maid® Apple Juice","MM Apple Juice","BEV","Juice Choice ","No Ice|Light Ice|Extra Ice|Lemon|No Lemon","True","131"
"dennys-7614-42397483-minute-maid-orange-juice","DNYOPT 4223556","Minute Maid® Orange Juice","MM Orange Juice","BEV","Juice Choice ","No Ice|Light Ice|Extra Ice|Lemon|No Lemon","True","132"
"dennys-7614-41151079","DNY 440035","Minute Maid® Lemonade","MM Lemonade","BEV","Beverages","Minute Maid® Lemonade|Strawberry Lemonade","True","133"
"dennys-7614-41151079-minute-maid-lemonade","DNYOPT 4223560","Minute Maid® Lemonade","MM Lemonade","BEV","Minute Maid® Lemonade Choice ","No Ice|Light Ice|Extra Ice|Lemon|No Lemon","True","134"
"dennys-7614-41151079-strawberry-lemonade","DNYOPT 4223562","Strawberry Lemonade","Strawberry Lemonade","BEV","Minute Maid® Lemonade Choice ","No Ice|Light Ice|Extra Ice|Lemon|No Lemon","True","135"
"dennys-7614-41153899","DNY 440038","Milk","Milk","BEV","Beverages","2% Milk|Chocolate Milk (reduced fat)","True","136"
"dennys-7614-41153899-2-milk","DNYOPT 4223553","2% Milk","2% Milk","BEV","Milk Choice ","No Ice|Light Ice|Extra Ice|Lemon|No Lemon","True","137"
"dennys-7614-41153899-chocolate-milk-reduced-fat","DNYOPT 4223554","Chocolate Milk (reduced fat)","Chocolate Milk (reduced","BEV","Milk Choice ","No Ice|Light Ice|Extra Ice|Lemon|No Lemon","True","138"
"dennys-7614-41155779","DNY 440040","Dasani® Bottled Water","Dasani® Bottled Water","BEV","Beverages","","True","139"
"dennys-7614-41149199","DNY 440033","Hot Chocolate","Hot Chocolate","BEV","Beverages","","True","140"
"dennys-7614-41148259","DNY 440032","Hot Tea","Hot Tea","BEV","Beverages","","True","141"
"dennys-7614-28932871","DNY 286853","No, I’m going green","No, I’m going green","MODS","Would you like cutlery?","","True","142"
"dennys-7614-28933668","DNY 310838","Yes, I need cutlery","Yes, I need cutlery","MODS","Would you like cutlery?","","True","143"
"dennys-7614-41153800-Water","NONE","WATER","WATER","BEV","Soft Drinks","No Ice|Light Ice|Extra Ice|Lemon","True","144"
"dennys-7614-41146379-sprite","NONE","Hi-Ci®","Hi-Ci®","BEV","Soft Drinks","No Ice|Light Ice|Extra Ice|Lemon|No Lemon","True","145"
